SELECT * FROM T_SFE_DESAFIO;
SELECT * FROM T_SFE_USUARIO;
SELECT * FROM T_SFE_USUARIO_DESAFIO;
SELECT * FROM T_SFE_ENTRETENIMENTO;
SELECT * FROM T_SFE_USUARIO_ENTRETENIMENTO;
SELECT * FROM T_SFE_FILME;
SELECT * FROM T_SFE_USUARIO_FILME;
SELECT * FROM T_SFE_EX_FISICO;
SELECT * FROM T_SFE_USUARIO_EX_FISICO;

/*-------------------------INSERÇÃO DADOS TABELA DESAFIO------------------------*/
INSERT INTO T_SFE_DESAFIO VALUES (10000, 100);
INSERT INTO T_SFE_DESAFIO VALUES (10001, 90);
INSERT INTO T_SFE_DESAFIO VALUES (10002, 70);
INSERT INTO T_SFE_DESAFIO VALUES (10003, 100);
INSERT INTO T_SFE_DESAFIO VALUES (10004, 80);
INSERT INTO T_SFE_DESAFIO VALUES (10005, 60);
INSERT INTO T_SFE_DESAFIO VALUES (10006, 20);
INSERT INTO T_SFE_DESAFIO VALUES (10007, 30);
INSERT INTO T_SFE_DESAFIO VALUES (10008, 40);
INSERT INTO T_SFE_DESAFIO VALUES (10009, 50);
INSERT INTO T_SFE_DESAFIO VALUES (10010, 100);
INSERT INTO T_SFE_DESAFIO VALUES (10011, 90);
INSERT INTO T_SFE_DESAFIO VALUES (10012, 70);
INSERT INTO T_SFE_DESAFIO VALUES (10013, 100);
INSERT INTO T_SFE_DESAFIO VALUES (10014, 80);
INSERT INTO T_SFE_DESAFIO VALUES (10015, 60);
INSERT INTO T_SFE_DESAFIO VALUES (10016, 20);
INSERT INTO T_SFE_DESAFIO VALUES (10017, 30);
INSERT INTO T_SFE_DESAFIO VALUES (10018, 40);
INSERT INTO T_SFE_DESAFIO VALUES (10019, 50);

SELECT * FROM T_SFE_DESAFIO;


/*-------------------------INSERÇÃO DADOS TABELA USUARIO------------------------*/
INSERT INTO T_SFE_USUARIO VALUES (20000, 'THIAGO DA SILVA', TO_DATE('16/09/2002','DD/MM/YYYY'), 'thiagodasilva@gmail.com', '32522', 'M', 11983534794);
INSERT INTO T_SFE_USUARIO VALUES (20001, 'HUGO DA SILVA', TO_DATE('19/03/2004','DD/MM/YYYY'), 'hugodasilva@gmail.com', '874581', 'M', 11945231451);
INSERT INTO T_SFE_USUARIO VALUES (20002, 'GUSTAVO DA SILVA', TO_DATE('21/10/1999','DD/MM/YYYY'), 'gustavodasilva@gmail.com', '6723235', 'M', 19974905824);
INSERT INTO T_SFE_USUARIO VALUES (20003, 'BEATRIZ DA SILVA', TO_DATE('03/06/2004','DD/MM/YYYY'), 'beatrizdasilva@gmail.com', '757231124', 'F', 21983572594);
INSERT INTO T_SFE_USUARIO VALUES (20004, 'LIVIA MEDEIROS', TO_DATE('17/12/2003','DD/MM/YYYY'), 'liviamedeiros@gmail.com', '8351233', 'F', 11985028567);
INSERT INTO T_SFE_USUARIO VALUES (20005, 'SARAH MEDEIROS', TO_DATE('12/09/2003','DD/MM/YYYY'), 'sarahmedeiros@gmail.com', '7456231', 'F', 11915027656);
INSERT INTO T_SFE_USUARIO VALUES (20006, 'LUCAS MEDEIROS', TO_DATE('24/11/1998','DD/MM/YYYY'), 'lucasmedeiros@gmail.com', '213576', 'NB', 11994517497);
INSERT INTO T_SFE_USUARIO VALUES (20007, 'MARIA SANCHEZ', TO_DATE('23/09/1996','DD/MM/YYYY'), 'mariasanchez@gmail.com', '66732325', 'F', 19984970361);
INSERT INTO T_SFE_USUARIO VALUES (20008, 'ENRICO SANCHEZ', TO_DATE('20/02/2002','DD/MM/YYYY'), 'enricosanchez@gmail.com', '235311', 'M', 11928315782);
INSERT INTO T_SFE_USUARIO VALUES (20009, 'NATALIA SANCHEZ', TO_DATE('25/07/2005','DD/MM/YYYY'), 'nataliasanchez@gmail.com', '135663', 'F', 21984146863);
INSERT INTO T_SFE_USUARIO VALUES (20010, 'GUILHERME NAKAMURA', TO_DATE('24/02/2003','DD/MM/YYYY'), 'guilhermenakamura@gmail.com', '32522', 'M', 11976391045);
INSERT INTO T_SFE_USUARIO VALUES (20011, 'ANA NAKAMURA', TO_DATE('11/12/2001','DD/MM/YYYY'), 'ananakamura@gmail.com', '6522', 'F', 11972803861);
INSERT INTO T_SFE_USUARIO VALUES (20012, 'MARCOS NAKAMURA', TO_DATE('24/12/1999','DD/MM/YYYY'), 'marcosnakamura@gmail.com', '1413412', 'M', 19978391057);
INSERT INTO T_SFE_USUARIO VALUES (20013, 'MATHEUS NAKAMURA', TO_DATE('03/04/2002','DD/MM/YYYY'), 'matheusnakamura@gmail.com', '64143', 'M', 21924518542);
INSERT INTO T_SFE_USUARIO VALUES (20014, 'LEONARDO SIMÕES', TO_DATE('17/11/2001','DD/MM/YYYY'), 'leonardosimoes@gmail.com', '34662314', 'M', 11945829104);
INSERT INTO T_SFE_USUARIO VALUES (20015, 'SARAH SIMÕES', TO_DATE('12/09/1999','DD/MM/YYYY'), 'sarahsimoes@gmail.com', '754732', 'NB', 11948702757);
INSERT INTO T_SFE_USUARIO VALUES (20016, 'ANDRÉ SIMÕES', TO_DATE('22/09/1993','DD/MM/YYYY'), 'andresimoes@gmail.com', '14143', 'M', 11929783062);
INSERT INTO T_SFE_USUARIO VALUES (20017, 'MARTINA PINTO', TO_DATE('23/09/1991','DD/MM/YYYY'), 'martinapinto@gmail.com', '356251', 'F', 19915590275);
INSERT INTO T_SFE_USUARIO VALUES (20018, 'JOÃO PINTO', TO_DATE('21/11/2002','DD/MM/YYYY'), 'joapinto@gmail.com', '764351', 'M', 11928316245);
INSERT INTO T_SFE_USUARIO VALUES (20019, 'GIOVANNA PINTO', TO_DATE('25/07/2002','DD/MM/YYYY'), 'giovannapinto@gmail.com', '631513', 'F', 21984146889);

SELECT * FROM T_SFE_USUARIO;

                                    /*PROBLEMA!!!!!*/
/*-------------------------INSERÇÃO DADOS TABELA USUARIO_DESAFIO------------------------*/

INSERT INTO T_SFE_USUARIO_DESAFIO VALUES (20000, 10000);
INSERT INTO T_SFE_USUARIO_DESAFIO VALUES (20001, 10000);
INSERT INTO T_SFE_USUARIO_DESAFIO VALUES (20002, 10011);
INSERT INTO T_SFE_USUARIO_DESAFIO VALUES (20003, 10003);
INSERT INTO T_SFE_USUARIO_DESAFIO VALUES (20004, 10015);
INSERT INTO T_SFE_USUARIO_DESAFIO VALUES (20005, 10002);
INSERT INTO T_SFE_USUARIO_DESAFIO VALUES (20006, 10009);
INSERT INTO T_SFE_USUARIO_DESAFIO VALUES (20007, 10016);
INSERT INTO T_SFE_USUARIO_DESAFIO VALUES (20008, 10012);
INSERT INTO T_SFE_USUARIO_DESAFIO VALUES (20009, 10019);
INSERT INTO T_SFE_USUARIO_DESAFIO VALUES (20010, 10012);
INSERT INTO T_SFE_USUARIO_DESAFIO VALUES (20011, 10005);
INSERT INTO T_SFE_USUARIO_DESAFIO VALUES (20012, 10008);
INSERT INTO T_SFE_USUARIO_DESAFIO VALUES (20013, 10000);
INSERT INTO T_SFE_USUARIO_DESAFIO VALUES (20014, 10001);
INSERT INTO T_SFE_USUARIO_DESAFIO VALUES (20015, 10015);
INSERT INTO T_SFE_USUARIO_DESAFIO VALUES (20016, 10016);
INSERT INTO T_SFE_USUARIO_DESAFIO VALUES (20017, 10012);
INSERT INTO T_SFE_USUARIO_DESAFIO VALUES (20018, 10008);
INSERT INTO T_SFE_USUARIO_DESAFIO VALUES (20019, 10019);

SELECT * FROM T_SFE_USUARIO_DESAFIO;


/*-------------------------INSERÇÃO DADOS TABELA FILME------------------------*/
INSERT INTO T_SFE_FILME VALUES(40000, 'INFINITE', 'Mark Wahlberg, Dylan O´Brien, Sophie',
                                'Antone Fuqua', 'Ian Shorr', 'Ação',
                                TO_DATE('11/08/2021', 'DD/MM/YYYY'), 146.00);
INSERT INTO T_SFE_FILME VALUES(40001, 'The Godfather', 'Marlon Brando, Al Pacino, James Caan',
                                'Francis Ford Coppola', 'Francis Ford Coppola, Mario Puzo', 'Policial, Drama',
                                TO_DATE('24/04/1972', 'DD/MM/YYYY'), 175.00);
INSERT INTO T_SFE_FILME VALUES(40002, 'Lista de Schindler', 'Liam Neeson, Ben Kingsley, Ralph Fiennes',
                                'Steven Spielberg', 'Steven Zaillian', ' Histórico, Guerra',
                                TO_DATE('31/12/1993', 'DD/MM/YYYY'), 195.00);                                
INSERT INTO T_SFE_FILME VALUES(40003, 'Um Sonho de Liberdade', 'Tim Robbins, Morgan Freeman, Bob Gunton',
                                'Frank Darabont', 'Frank Darabont, Stephen King', 'Drama',
                                TO_DATE('25/01/1995', 'DD/MM/YYYY'), 140.00);                                
INSERT INTO T_SFE_FILME VALUES(40004, 'O Rei Leão', 'Garcia Júnior, Jorgeh Ramos, Mauro Ramos',
                                'Roger Allers, Rob Minkoff', 'Linda Woolverton, Lorna Cook', 'Animação, Aventura, Musical',
                                TO_DATE('08/07/1994', 'DD/MM/YYYY'), 89.00);                                
INSERT INTO T_SFE_FILME VALUES(40005, 'Forrest Gump', 'Tom Hanks, Gary Sinise, Robin Wright',
                                'Robert Zemeckis', 'Eric Roth', 'Romance, Drama, Comédia',
                                TO_DATE('07/12/1994', 'DD/MM/YYYY'), 140.00);                                
INSERT INTO T_SFE_FILME VALUES(40006, 'Vingadores: Ultimato', 'Robert Downey Jr., Chris Evans, Mark Ruffalo',
                                'Joe Russo, Anthony Russo', 'Christopher Markus, Stephen McFeely', 'Ação, Fantasia, Aventura',
                                TO_DATE('25/05/2019', 'DD/MM/YYYY'), 180.01);                                
INSERT INTO T_SFE_FILME VALUES(40007, 'A Vida é Bela', 'Roberto Benigni, Horst Buchholz, Marisa Paredes',
                                'Roberto Benigni', 'Roberto Benigni, Vincenzo Cerami', 'Drama, Comédia',
                                TO_DATE('05/02/1999', 'DD/MM/YYYY'), 117.00);                                
INSERT INTO T_SFE_FILME VALUES(40008, 'De Volta Para o Futuro', 'Michael J. Fox, Christopher Lloyd, Lea Thompson',
                                'Robert Zemeckis', 'Robert Zemeckis, Bob Gale', 'Ficção científica, Aventura',
                                TO_DATE('25/12/1985', 'DD/MM/YYYY'), 116.00);                                
INSERT INTO T_SFE_FILME VALUES(40009, 'O Senhor dos Anéis', 'Sean Astin, Elijah Wood, Viggo Mortensen',
                                'Peter Jackson', 'Peter Jackson, Philippa Boyens', 'Fantasia, Aventura',
                                TO_DATE('25/12/2003', 'DD/MM/YYYY'), 195.00);                                
INSERT INTO T_SFE_FILME VALUES(40010, 'Intocáveis', 'François Cluzet, Omar Sy, Anne Le Ny',
                                'Eric Toledano, Olivier Nakache', 'Eric Toledano, Olivier Nakache', 'Drama',
                                TO_DATE('31/08/2012', 'DD/MM/YYYY'), 112.00);
INSERT INTO T_SFE_FILME VALUES(40011, 'Coringa', 'Joaquin Phoenix, Robert De Niro, Zazie Beetz',
                                'Todd Phillips', 'Todd Phillips, Scott Silver', 'Drama',
                                TO_DATE('03/10/2019', 'DD/MM/YYYY'), 122.00);
INSERT INTO T_SFE_FILME VALUES(40012, 'Divertida Mente', 'Miá Mello, Otaviano Costa, Dani Calabresa',
                                'Pete Docter', 'Pete Docter, Meg LeFauve', 'Animação, Comédia, Família',
                                TO_DATE('16/06/2015', 'DD/MM/YYYY'), 95.00);
INSERT INTO T_SFE_FILME VALUES(40013, 'Logan', 'Hugh Jackman, Patrick Stewart, Dafne Keen',
                                'James Mangold', 'James Mangold, Michael Green', 'Ação, Ficção científica',
                                TO_DATE('02/03/2017', 'DD/MM/YYYY'), 137.00);
INSERT INTO T_SFE_FILME VALUES(40014, 'À Procura da Felicidade', 'Will Smith, Thandiwe Newton, Jaden Smith',
                                'Gabriele Muccino', 'Steve Conrad', 'Biografia, Drama',
                                TO_DATE('02/02/2007', 'DD/MM/YYYY'), 118.00);
INSERT INTO T_SFE_FILME VALUES(40015, 'O Pianista', 'Adrien Brody, Thomas Kretschmann, Emilia Fox',
                                'Roman Polanski', 'Ronald Harwood, Roman Polanski', 'Drama, Histórico',
                                TO_DATE('07/03/2003', 'DD/MM/YYYY'), 148.00);
INSERT INTO T_SFE_FILME VALUES(40016, 'A Origem', 'Leonardo DiCaprio, Marion Cotillard, Elliot Page',
                                'Christopher Nolan', 'Christopher Nolan', 'Ficção científica, Suspense',
                                TO_DATE('06/08/2010', 'DD/MM/YYYY'), 148.00);
INSERT INTO T_SFE_FILME VALUES(40017, 'Interestelar', 'Matthew McConaughey, Anne Hathaway, Michael Caine',
                                'Christopher Nolan', 'Jonathan Nolan, Christopher Nolan', 'Ficção científica, Drama',
                                TO_DATE('06/11/2014', 'DD/MM/YYYY'), 169.00);
INSERT INTO T_SFE_FILME VALUES(40018, 'Procurando Nemo', 'Albert Brooks, Ellen DeGeneres, Alexander Gould',
                                'Andrew Stanton, Lee Unkrich', 'Andrew Stanton, Bob Peterson', 'Animação, Aventura, Fantasia',
                                TO_DATE('04/07/2003', 'DD/MM/YYYY'), 101.00);
INSERT INTO T_SFE_FILME VALUES(40019, 'Matrix', 'Keanu Reeves, Laurence Fishburne, Carrie-Anne Moss',
                                'Lana Wachowski, Lilly Wachowski', 'Lilly Wachowski, Lana Wachowski', 'Ação, Ficção científica',
                                TO_DATE('21/05/1999', 'DD/MM/YYYY'), 135.00);

SELECT * FROM T_SFE_FILME;


/*-------------------------INSERÇÃO DADOS USUARIO_FILME------------------------*/
INSERT INTO T_SFE_USUARIO_FILME VALUES (20000, 40018, 101.00);
INSERT INTO T_SFE_USUARIO_FILME VALUES (20001, 40012, 95.00);
INSERT INTO T_SFE_USUARIO_FILME VALUES (20002, 40002, 195.00);
INSERT INTO T_SFE_USUARIO_FILME VALUES (20003, 40019, 135.00);
INSERT INTO T_SFE_USUARIO_FILME VALUES (20004, 40014, 118.00);
INSERT INTO T_SFE_USUARIO_FILME VALUES (20005, 40005, 140.00);
INSERT INTO T_SFE_USUARIO_FILME VALUES (20006, 40012, 95.00);
INSERT INTO T_SFE_USUARIO_FILME VALUES (20007, 40000, 146.00);
INSERT INTO T_SFE_USUARIO_FILME VALUES (20008, 40017, 169.00);
INSERT INTO T_SFE_USUARIO_FILME VALUES (20009, 40002, 195.00);
INSERT INTO T_SFE_USUARIO_FILME VALUES (20010, 40009, 195.00);
INSERT INTO T_SFE_USUARIO_FILME VALUES (20011, 40011, 122.00);
INSERT INTO T_SFE_USUARIO_FILME VALUES (20012, 40002, 195.00);
INSERT INTO T_SFE_USUARIO_FILME VALUES (20013, 40003, 140.00);
INSERT INTO T_SFE_USUARIO_FILME VALUES (20014, 40013, 137.00);
INSERT INTO T_SFE_USUARIO_FILME VALUES (20015, 40015, 148.00);
INSERT INTO T_SFE_USUARIO_FILME VALUES (20016, 40001, 175.00);
INSERT INTO T_SFE_USUARIO_FILME VALUES (20017, 40007, 117.00);
INSERT INTO T_SFE_USUARIO_FILME VALUES (20018, 40001, 175.00);
INSERT INTO T_SFE_USUARIO_FILME VALUES (20019, 40015, 148.00);

SELECT * FROM T_SFE_USUARIO_FILME;


/*-------------------------INSERÇÃO DADOS EXERCÍCIO FÍSICO------------------------*/
INSERT INTO T_SFE_EX_FISICO VALUES (50000, 'FLEXÃO DIAMANTE', 'RESISTÊNCIA, FORÇA', 001.00);
INSERT INTO T_SFE_EX_FISICO VALUES (50001, 'POLICHINELO COMPLETO', 'RESISTÊNCIA', 001.00);
INSERT INTO T_SFE_EX_FISICO VALUES (50002, 'AGACHAMENTO C/ DESLOCAMENTO ', 'RESISTÊNCIA, FORÇA', 001.00);
INSERT INTO T_SFE_EX_FISICO VALUES (50003, 'PRANCHA COM TOQUES NAS PERNAS', 'RESISTÊNCIA, FORÇA', 001.00);
INSERT INTO T_SFE_EX_FISICO VALUES (50004, 'SALTO COM AFUNDO', 'RESISTÊNCIA, FORÇA', 001.00);
INSERT INTO T_SFE_EX_FISICO VALUES (50005, 'ABDOMINAL GRUPADO', 'RESISTÊNCIA, FORÇA', 001.00);
INSERT INTO T_SFE_EX_FISICO VALUES (50006, 'FLEXÃO DE BRAÇOS', 'RESISTÊNCIA, FORÇA', 001.00);
INSERT INTO T_SFE_EX_FISICO VALUES (50007, 'SALTO PATINADOR', 'RESISTÊNCIA, FORÇA', 001.00);
INSERT INTO T_SFE_EX_FISICO VALUES (50008, 'BURPEE', 'RESISTÊNCIA, FORÇA', 001.00);
INSERT INTO T_SFE_EX_FISICO VALUES (50009, 'FLEXÃO DO QUADRIL', 'MOBILIDADE', 001.00);
INSERT INTO T_SFE_EX_FISICO VALUES (50010, 'COUCH-STRECTH', 'MOBILIDADE', 001.00);
INSERT INTO T_SFE_EX_FISICO VALUES (50011, 'MOBILIZAÇÃO TORÁCIA', 'MOBILIDADE', 001.00);
INSERT INTO T_SFE_EX_FISICO VALUES (50012, 'MOBILIZAÇÃO DO QUADRIL', 'MOBILIDADE', 001.00);
INSERT INTO T_SFE_EX_FISICO VALUES (50013, 'BALANÇOS DAS PERNAS', 'MOBILIDADE', 001.00);
INSERT INTO T_SFE_EX_FISICO VALUES (50014, 'MASSAGEM NOS TECIDOS MOLES', 'MOBILIDADE', 001.00);
INSERT INTO T_SFE_EX_FISICO VALUES (50015, 'ALONGAMENTO LENTO DO PESCOÇO', 'YOGA', 001.00);
INSERT INTO T_SFE_EX_FISICO VALUES (50016, 'TADASANA', 'YOGA', 001.00);
INSERT INTO T_SFE_EX_FISICO VALUES (50017, 'UTTANASANA', 'YOGA', 001.00);
INSERT INTO T_SFE_EX_FISICO VALUES (50018, 'TRIKONASANA', 'YOGA', 001.00);
INSERT INTO T_SFE_EX_FISICO VALUES (50019, 'DHANURASANA', 'YOGA', 001.00);

SELECT * FROM T_SFE_EX_FISICO;


/*-------------------------INSERÇÃO DADOS USUARIO_EX_FISICO------------------------*/
INSERT INTO T_SFE_USUARIO_EX_FISICO VALUES (20000, 50018, 001.00);
INSERT INTO T_SFE_USUARIO_EX_FISICO VALUES (20001, 50019, 001.00);
INSERT INTO T_SFE_USUARIO_EX_FISICO VALUES (20002, 50001, 001.00);
INSERT INTO T_SFE_USUARIO_EX_FISICO VALUES (20003, 50006, 001.00);
INSERT INTO T_SFE_USUARIO_EX_FISICO VALUES (20004, 50001, 001.00);
INSERT INTO T_SFE_USUARIO_EX_FISICO VALUES (20005, 50011, 001.00);
INSERT INTO T_SFE_USUARIO_EX_FISICO VALUES (20006, 50015, 001.00);
INSERT INTO T_SFE_USUARIO_EX_FISICO VALUES (20007, 50007, 001.00);
INSERT INTO T_SFE_USUARIO_EX_FISICO VALUES (20008, 50012, 001.00);
INSERT INTO T_SFE_USUARIO_EX_FISICO VALUES (20009, 50013, 001.00);
INSERT INTO T_SFE_USUARIO_EX_FISICO VALUES (20010, 50001, 001.00);
INSERT INTO T_SFE_USUARIO_EX_FISICO VALUES (20011, 50000, 001.00);
INSERT INTO T_SFE_USUARIO_EX_FISICO VALUES (20012, 50004, 001.00);
INSERT INTO T_SFE_USUARIO_EX_FISICO VALUES (20013, 50005, 001.00);
INSERT INTO T_SFE_USUARIO_EX_FISICO VALUES (20014, 50013, 001.00);
INSERT INTO T_SFE_USUARIO_EX_FISICO VALUES (20015, 50002, 001.00);
INSERT INTO T_SFE_USUARIO_EX_FISICO VALUES (20016, 50008, 001.00);
INSERT INTO T_SFE_USUARIO_EX_FISICO VALUES (20017, 50010, 001.00);
INSERT INTO T_SFE_USUARIO_EX_FISICO VALUES (20018, 50009, 001.00);
INSERT INTO T_SFE_USUARIO_EX_FISICO VALUES (20019, 50006, 001.00);

SELECT * FROM T_SFE_USUARIO_EX_FISICO;


/*-------------------------INSERÇÃO DADOS ENTRETENIMENTO------------------------*/
INSERT INTO T_SFE_ENTRETENIMENTO VALUES (1, 'FILME');
INSERT INTO T_SFE_ENTRETENIMENTO VALUES (2, 'EX FÍSICO');

SELECT * FROM T_SFE_ENTRETENIMENTO;


/*-------------------------INSERÇÃO DADOS USUARIO_ENTRETENIMENTO------------------------*/
INSERT INTO T_SFE_USUARIO_ENTRETENIMENTO VALUES (20000, 1);
INSERT INTO T_SFE_USUARIO_ENTRETENIMENTO VALUES (20001, 2);
INSERT INTO T_SFE_USUARIO_ENTRETENIMENTO VALUES (20002, 2);
INSERT INTO T_SFE_USUARIO_ENTRETENIMENTO VALUES (20003, 1);
INSERT INTO T_SFE_USUARIO_ENTRETENIMENTO VALUES (20004, 2);
INSERT INTO T_SFE_USUARIO_ENTRETENIMENTO VALUES (20005, 1);
INSERT INTO T_SFE_USUARIO_ENTRETENIMENTO VALUES (20006, 2);
INSERT INTO T_SFE_USUARIO_ENTRETENIMENTO VALUES (20007, 1);
INSERT INTO T_SFE_USUARIO_ENTRETENIMENTO VALUES (20008, 1);
INSERT INTO T_SFE_USUARIO_ENTRETENIMENTO VALUES (20009, 1);
INSERT INTO T_SFE_USUARIO_ENTRETENIMENTO VALUES (20010, 2);
INSERT INTO T_SFE_USUARIO_ENTRETENIMENTO VALUES (20011, 2);
INSERT INTO T_SFE_USUARIO_ENTRETENIMENTO VALUES (20012, 1);
INSERT INTO T_SFE_USUARIO_ENTRETENIMENTO VALUES (20013, 2);
INSERT INTO T_SFE_USUARIO_ENTRETENIMENTO VALUES (20014, 1);
INSERT INTO T_SFE_USUARIO_ENTRETENIMENTO VALUES (20015, 2);
INSERT INTO T_SFE_USUARIO_ENTRETENIMENTO VALUES (20016, 1);
INSERT INTO T_SFE_USUARIO_ENTRETENIMENTO VALUES (20017, 1);
INSERT INTO T_SFE_USUARIO_ENTRETENIMENTO VALUES (20018, 2);
INSERT INTO T_SFE_USUARIO_ENTRETENIMENTO VALUES (20019, 2);

SELECT * FROM T_SFE_USUARIO_ENTRETENIMENTO;
















